[{"id":"user-image--IZZI.svg","fileName":"-IZZI.svg","name":"-IZZI","publicUrl":"https://assets.nicepagecdn.com/4955653e/4961990/images/-IZZI.svg","size":28343,"hash":"8yy8uWSP3totvzo6uo2lLM4iHbU=","width":500,"height":500,"folderId":null,"thumbnail":{"url":"https://assets.nicepagecdn.com/4955653e/4961990/images/-IZZI.svg","width":500,"height":500},"usages":[]},{"id":"user-image-e4e85cbb-72bd-a12f-55b4-2b646babdc37.svg","fileName":"e4e85cbb-72bd-a12f-55b4-2b646babdc37.svg","name":"e4e85cbb-72bd-a12f-55b4-2b646babdc37","publicUrl":"https://assets.nicepagecdn.com/4955653e/4961990/images/e4e85cbb-72bd-a12f-55b4-2b646babdc37.svg","size":3457947,"hash":"ZJX2UhyjhMjSoKMIbPYmVde3AYU=","width":500,"height":500,"folderId":null,"thumbnail":{"url":"https://assets.nicepagecdn.com/4955653e/4961990/images/e4e85cbb-72bd-a12f-55b4-2b646babdc37.svg","width":500,"height":500},"usages":["4961991"]},{"id":"user-image-277938.png","fileName":"277938.png","name":"277938","publicUrl":"https://assets.nicepagecdn.com/4955653e/4961990/images/277938.png","size":3228,"hash":"SFktlX584TUz9Tie9laZM9ZFeaw=","width":128,"height":128,"folderId":null,"thumbnail":{"url":"https://assets.nicepagecdn.com/4955653e/4961990/images/277938.png","width":128,"height":128},"usages":[]},{"id":"user-image-2015091.png","fileName":"2015091.png","name":"2015091","publicUrl":"https://assets.nicepagecdn.com/4955653e/4961990/images/2015091.png","size":4567,"hash":"+oc3jOIC+05Za2e1uvX2f+erNG8=","width":128,"height":128,"folderId":null,"thumbnail":{"url":"https://assets.nicepagecdn.com/4955653e/4961990/images/2015091.png","width":128,"height":128},"usages":["4961991"]},{"id":"user-image-4277080.png","fileName":"4277080.png","name":"4277080","publicUrl":"https://assets.nicepagecdn.com/4955653e/4961990/images/4277080.png","size":5759,"hash":"krr4kOJOrgNArJ8lj8YnN/awcxc=","width":128,"height":128,"folderId":null,"thumbnail":{"url":"https://assets.nicepagecdn.com/4955653e/4961990/images/4277080.png","width":128,"height":128},"usages":["4961991"]},{"id":"user-image-2847689.png","fileName":"2847689.png","name":"2847689","publicUrl":"https://assets.nicepagecdn.com/4955653e/4961990/images/2847689.png","size":3428,"hash":"zn2bPrCoC6p29OSZ30vOJexGDOM=","width":128,"height":128,"folderId":null,"thumbnail":{"url":"https://assets.nicepagecdn.com/4955653e/4961990/images/2847689.png","width":128,"height":128},"usages":["4961991"]},{"id":"user-image-10853039.png","fileName":"10853039.png","name":"10853039","publicUrl":"https://assets.nicepagecdn.com/4955653e/4961990/images/10853039.png","size":4093,"hash":"bSroDqAzxArPbTTuqWRqKfTLW1s=","width":128,"height":128,"folderId":null,"thumbnail":{"url":"https://assets.nicepagecdn.com/4955653e/4961990/images/10853039.png","width":128,"height":128},"usages":["4961991"]},{"id":"user-image-4961991-0.jpeg","fileName":"4961991-0.jpeg","name":"4961991-0","publicUrl":"https://assets.nicepagecdn.com/4955653e/4961990/images/4961991-0.jpeg","size":329333,"hash":"FTpoKFZ56fq1SA5Gp7Oww7bdH2s=","width":1500,"height":1000,"folderId":null,"thumbnail":{"url":"https://assets.nicepagecdn.com/4955653e/4961990/images/thumbnails/4961991-0.jpeg","width":150,"height":100},"usages":["4961991"]}]